{
  "month": 9,
  "year": 2023,
  "kraj": "ZLK",
  "general_thefts": 67.0,
  "break_in_thefts": 57.0,
  "avg_monthly_salary": 38596.0,
  "celkem": 162.0,
  "m_do_65": 70.0,
  "z_do_65": 65.0,
  "celkem_w2": 314.0,
  "celkem_w3": 628.0,
  "celkem_w4": 895.0,
  "celkem_w5": 1040.0,
  "celkem_w6": -2095.0,
  "celkem_w7": -1866.0,
  "celkem_w8": -1657.0,
  "celkem_w9": -1517.0,
  "celkem_w10": -1390.0,
  "celkem_w11": -1241.0,
  "celkem_w12": -980.0,
  "celkem_w13": -629.0,
  "celkem_w14": -316.0,
  "celkem_w15": 78.0,
  "celkem_w16": 639.0,
  "celkem_w17": 1666.0,
  "celkem_w18": 3985.0,
  "celkem_w19": 11226.0,
  "m_do_65_w2": 126.0,
  "m_do_65_w3": 226.0,
  "m_do_65_w4": 311.0,
  "m_do_65_w5": 374.0,
  "m_do_65_w6": -89.0,
  "m_do_65_w7": 3.0,
  "m_do_65_w8": 108.0,
  "m_do_65_w9": 184.0,
  "m_do_65_w10": 238.0,
  "m_do_65_w11": 303.0,
  "m_do_65_w12": 426.0,
  "m_do_65_w13": 555.0,
  "m_do_65_w14": 693.0,
  "m_do_65_w15": 852.0,
  "m_do_65_w16": 1022.0,
  "m_do_65_w17": 1338.0,
  "m_do_65_w18": 1978.0,
  "m_do_65_w19": 2955.0,
  "z_do_65_w2": 120.0,
  "z_do_65_w3": 276.0,
  "z_do_65_w4": 408.0,
  "z_do_65_w5": 469.0,
  "z_do_65_w6": -919.0,
  "z_do_65_w7": -816.0,
  "z_do_65_w8": -749.0,
  "z_do_65_w9": -677.0,
  "z_do_65_w10": -631.0,
  "z_do_65_w11": -555.0,
  "z_do_65_w12": -449.0,
  "z_do_65_w13": -269.0,
  "z_do_65_w14": -116.0,
  "z_do_65_w15": 75.0,
  "z_do_65_w16": 367.0,
  "z_do_65_w17": 859.0,
  "z_do_65_w18": 1854.0,
  "z_do_65_w19": 4907.0,
  "monthly_min_wage": 17300,
  "monthly_inflation_rate_wrt_last_year": 6.9,
  "reer": 115.41,
  "m_do_65_ratio": 0.4320987654320987,
  "z_do_65_ratio": 0.4012345679012346,
  "m_do_65_w2_ratio": 0.4012738853503185,
  "m_do_65_w3_ratio": 0.3598726114649681,
  "m_do_65_w4_ratio": 0.3474860335195531,
  "m_do_65_w5_ratio": 0.3596153846153846,
  "m_do_65_w6_ratio": 0.0424821002386634,
  "m_do_65_w7_ratio": -0.0016077170418006,
  "m_do_65_w8_ratio": -0.0651780325890162,
  "m_do_65_w9_ratio": -0.1212920237310481,
  "m_do_65_w10_ratio": -0.1712230215827338,
  "m_do_65_w11_ratio": -0.2441579371474617,
  "m_do_65_w12_ratio": -0.4346938775510204,
  "m_do_65_w13_ratio": -0.8823529411764706,
  "m_do_65_w14_ratio": -2.1930379746835444,
  "m_do_65_w15_ratio": 10.923076923076923,
  "m_do_65_w16_ratio": 1.5993740219092332,
  "m_do_65_w17_ratio": 0.8031212484993998,
  "m_do_65_w18_ratio": 0.4963613550815558,
  "m_do_65_w19_ratio": 0.2632282202030999,
  "z_do_65_w2_ratio": 0.3821656050955414,
  "z_do_65_w3_ratio": 0.4394904458598726,
  "z_do_65_w4_ratio": 0.4558659217877095,
  "z_do_65_w5_ratio": 0.4509615384615384,
  "z_do_65_w6_ratio": 0.4386634844868735,
  "z_do_65_w7_ratio": 0.4372990353697749,
  "z_do_65_w8_ratio": 0.452021726010863,
  "z_do_65_w9_ratio": 0.4462755438365194,
  "z_do_65_w10_ratio": 0.4539568345323741,
  "z_do_65_w11_ratio": 0.4472199838839645,
  "z_do_65_w12_ratio": 0.4581632653061224,
  "z_do_65_w13_ratio": 0.4276629570747218,
  "z_do_65_w14_ratio": 0.3670886075949367,
  "z_do_65_w15_ratio": 0.9615384615384616,
  "z_do_65_w16_ratio": 0.5743348982785602,
  "z_do_65_w17_ratio": 0.5156062424969988,
  "z_do_65_w18_ratio": 0.4652446675031367,
  "z_do_65_w19_ratio": 0.4371102797078211,
  "bilance": 11.874,
  "avg_energy_price": 138.98,
  "avg_gasoline_price": 1.7623,
  "avg_natural_gas_price": 2.7372,
  "uchazeciOZamestnaniUoZ": 10522,
  "uchazeciOZamestnaniUoZZeny": 5666,
  "uchazeciOZamestnaniUoZMuzi": 4856,
  "noveHlaseniUchazeci": 2341,
  "noveHlasenaAUvolnenaVPM": 866,
  "obsazenaAZrusenaVPM": 911,
  "absolventiSkolAMladistvi": 811,
  "uchazeciOZamestnaniUoZMuzi_ratio": 0.4615092187796997,
  "uchazeciOZamestnaniUoZZeny_ratio": 0.5384907812203004
}